time_id,date,month,kuarter,years
1,2025-08-04,8,3,2025
2,2025-02-09,2,1,2025
3,2025-12-11,12,4,2025
4,2025-09-06,9,3,2025
5,2025-02-15,2,1,2025
6,2025-04-25,4,2,2025
7,2025-05-07,5,2,2025
8,2025-11-06,11,4,2025
9,2025-07-24,7,3,2025
10,2025-05-23,5,2,2025
11,2025-10-03,10,4,2025
12,2025-07-13,7,3,2025
13,2025-11-08,11,4,2025
14,2025-07-21,7,3,2025
15,2025-03-23,3,1,2025
16,2025-07-29,7,3,2025
17,2025-11-05,11,4,2025
18,2025-06-23,6,2,2025
19,2025-04-12,4,2,2025
20,2025-02-13,2,1,2025
21,2025-01-09,1,1,2025
22,2025-04-15,4,2,2025
23,2025-11-04,11,4,2025
24,2025-07-13,7,3,2025
25,2025-02-17,2,1,2025
26,2025-07-23,7,3,2025
27,2025-11-30,11,4,2025
28,2025-12-20,12,4,2025
29,2025-10-05,10,4,2025
30,2025-06-01,6,2,2025
31,2025-02-25,2,1,2025
32,2025-12-06,12,4,2025
33,2025-03-16,3,1,2025
34,2025-09-13,9,3,2025
35,2025-01-27,1,1,2025
36,2025-02-27,2,1,2025
37,2025-08-19,8,3,2025
38,2025-08-30,8,3,2025
39,2025-08-11,8,3,2025
40,2025-10-04,10,4,2025
41,2025-05-06,5,2,2025
42,2025-10-03,10,4,2025
43,2025-07-04,7,3,2025
44,2025-12-06,12,4,2025
45,2025-04-01,4,2,2025
46,2025-02-10,2,1,2025
47,2025-07-28,7,3,2025
48,2025-03-09,3,1,2025
49,2025-01-06,1,1,2025
50,2025-08-03,8,3,2025
51,2025-10-12,10,4,2025
52,2025-03-07,3,1,2025
53,2025-04-01,4,2,2025
54,2025-02-23,2,1,2025
55,2025-06-28,6,2,2025
56,2025-12-11,12,4,2025
57,2025-10-30,10,4,2025
58,2025-05-04,5,2,2025
59,2025-06-14,6,2,2025
60,2025-09-26,9,3,2025
61,2025-01-11,1,1,2025
62,2025-08-08,8,3,2025
63,2025-10-16,10,4,2025
64,2025-01-18,1,1,2025
65,2025-01-11,1,1,2025
66,2025-08-29,8,3,2025
67,2025-05-08,5,2,2025
68,2025-01-09,1,1,2025
69,2025-08-03,8,3,2025
70,2025-04-23,4,2,2025
71,2025-06-13,6,2,2025
72,2025-08-04,8,3,2025
73,2025-12-31,12,4,2025
74,2025-07-24,7,3,2025
75,2025-12-18,12,4,2025
76,2025-11-07,11,4,2025
77,2025-09-24,9,3,2025
78,2025-09-09,9,3,2025
79,2025-12-09,12,4,2025
80,2025-12-08,12,4,2025
81,2025-04-18,4,2,2025
82,2025-06-19,6,2,2025
83,2025-10-29,10,4,2025
84,2025-09-30,9,3,2025
85,2025-10-11,10,4,2025
86,2025-03-30,3,1,2025
87,2025-06-01,6,2,2025
88,2025-07-05,7,3,2025
89,2025-09-07,9,3,2025
90,2025-01-29,1,1,2025
91,2025-05-06,5,2,2025
92,2025-08-02,8,3,2025
93,2025-09-11,9,3,2025
94,2025-04-17,4,2,2025
95,2025-07-23,7,3,2025
96,2025-01-07,1,1,2025
97,2025-11-08,11,4,2025
98,2025-09-04,9,3,2025
99,2025-12-31,12,4,2025
100,2025-03-22,3,1,2025
101,2025-09-01,9,3,2025
102,2025-08-13,8,3,2025
103,2025-12-21,12,4,2025
104,2025-08-10,8,3,2025
105,2025-01-18,1,1,2025
106,2025-07-01,7,3,2025
107,2025-03-03,3,1,2025
108,2025-05-14,5,2,2025
109,2025-12-23,12,4,2025
110,2025-05-12,5,2,2025
111,2025-04-16,4,2,2025
112,2025-08-19,8,3,2025
113,2025-08-17,8,3,2025
114,2025-11-11,11,4,2025
115,2025-02-28,2,1,2025
116,2025-09-06,9,3,2025
117,2025-02-03,2,1,2025
118,2025-11-04,11,4,2025
119,2025-07-25,7,3,2025
120,2025-03-15,3,1,2025
121,2025-04-04,4,2,2025
122,2025-03-02,3,1,2025
123,2025-12-05,12,4,2025
124,2025-12-06,12,4,2025
125,2025-05-26,5,2,2025
126,2025-02-19,2,1,2025
127,2025-07-07,7,3,2025
128,2025-02-26,2,1,2025
129,2025-03-06,3,1,2025
130,2025-07-15,7,3,2025
131,2025-09-12,9,3,2025
132,2025-02-06,2,1,2025
133,2025-04-26,4,2,2025
134,2025-08-01,8,3,2025
135,2025-04-03,4,2,2025
136,2025-04-20,4,2,2025
137,2025-11-25,11,4,2025
138,2025-05-19,5,2,2025
139,2025-09-01,9,3,2025
140,2025-04-10,4,2,2025
141,2025-03-10,3,1,2025
142,2025-01-07,1,1,2025
143,2025-04-17,4,2,2025
144,2025-06-14,6,2,2025
145,2025-05-19,5,2,2025
146,2025-10-31,10,4,2025
147,2025-01-15,1,1,2025
148,2025-08-18,8,3,2025
149,2025-01-02,1,1,2025
150,2025-03-28,3,1,2025
151,2025-03-05,3,1,2025
152,2025-04-17,4,2,2025
153,2025-09-05,9,3,2025
154,2025-01-30,1,1,2025
155,2025-01-15,1,1,2025
156,2025-05-26,5,2,2025
157,2025-09-24,9,3,2025
158,2025-02-17,2,1,2025
159,2025-05-31,5,2,2025
160,2025-11-14,11,4,2025
161,2025-11-09,11,4,2025
162,2025-06-26,6,2,2025
163,2025-08-02,8,3,2025
164,2025-12-07,12,4,2025
165,2025-12-12,12,4,2025
166,2025-05-20,5,2,2025
167,2025-11-29,11,4,2025
168,2025-09-12,9,3,2025
169,2025-02-14,2,1,2025
170,2025-05-03,5,2,2025
171,2025-10-27,10,4,2025
172,2025-06-20,6,2,2025
173,2025-09-03,9,3,2025
174,2025-11-11,11,4,2025
175,2025-04-14,4,2,2025
176,2025-02-09,2,1,2025
177,2025-01-16,1,1,2025
178,2025-09-11,9,3,2025
179,2025-12-08,12,4,2025
180,2025-03-12,3,1,2025
181,2025-01-11,1,1,2025
182,2025-09-03,9,3,2025
183,2025-10-27,10,4,2025
184,2025-11-28,11,4,2025
185,2025-04-12,4,2,2025
186,2025-12-15,12,4,2025
187,2025-02-16,2,1,2025
188,2025-01-27,1,1,2025
189,2025-04-15,4,2,2025
190,2025-05-25,5,2,2025
191,2025-01-14,1,1,2025
192,2025-07-24,7,3,2025
193,2025-11-08,11,4,2025
194,2025-07-30,7,3,2025
195,2025-08-01,8,3,2025
196,2025-02-03,2,1,2025
197,2025-10-02,10,4,2025
198,2025-10-21,10,4,2025
199,2025-10-05,10,4,2025
200,2025-06-07,6,2,2025
201,2025-04-14,4,2,2025
202,2025-06-16,6,2,2025
203,2025-10-17,10,4,2025
204,2025-10-21,10,4,2025
205,2025-07-03,7,3,2025
206,2025-07-25,7,3,2025
207,2025-10-02,10,4,2025
208,2025-11-30,11,4,2025
209,2025-06-30,6,2,2025
210,2025-03-24,3,1,2025
211,2025-08-26,8,3,2025
212,2025-09-17,9,3,2025
213,2025-08-24,8,3,2025
214,2025-01-19,1,1,2025
215,2025-03-15,3,1,2025
216,2025-09-23,9,3,2025
217,2025-01-04,1,1,2025
218,2025-09-07,9,3,2025
219,2025-03-11,3,1,2025
220,2025-02-16,2,1,2025
221,2025-04-20,4,2,2025
222,2025-01-13,1,1,2025
223,2025-04-25,4,2,2025
224,2025-04-20,4,2,2025
225,2025-11-05,11,4,2025
226,2025-09-20,9,3,2025
227,2025-06-15,6,2,2025
228,2025-08-08,8,3,2025
229,2025-12-29,12,4,2025
230,2025-07-26,7,3,2025
231,2025-12-11,12,4,2025
232,2025-08-21,8,3,2025
233,2025-08-26,8,3,2025
234,2025-11-26,11,4,2025
235,2025-03-09,3,1,2025
236,2025-07-16,7,3,2025
237,2025-08-20,8,3,2025
238,2025-07-18,7,3,2025
239,2025-11-14,11,4,2025
240,2025-06-01,6,2,2025
241,2025-07-07,7,3,2025
242,2025-02-26,2,1,2025
243,2025-07-31,7,3,2025
244,2025-12-31,12,4,2025
245,2025-03-14,3,1,2025
246,2025-02-21,2,1,2025
247,2025-03-04,3,1,2025
248,2025-03-30,3,1,2025
249,2025-03-31,3,1,2025
250,2025-10-03,10,4,2025
251,2025-10-18,10,4,2025
252,2025-10-04,10,4,2025
253,2025-02-10,2,1,2025
254,2025-01-26,1,1,2025
255,2025-12-23,12,4,2025
256,2025-08-13,8,3,2025
257,2025-03-25,3,1,2025
258,2025-08-16,8,3,2025
259,2025-12-06,12,4,2025
260,2025-11-25,11,4,2025
261,2025-06-18,6,2,2025
262,2025-04-20,4,2,2025
263,2025-03-28,3,1,2025
264,2025-02-06,2,1,2025
265,2025-04-05,4,2,2025
266,2025-11-16,11,4,2025
267,2025-02-16,2,1,2025
268,2025-10-31,10,4,2025
269,2025-10-14,10,4,2025
270,2025-04-01,4,2,2025
271,2025-11-13,11,4,2025
272,2025-06-20,6,2,2025
273,2025-07-25,7,3,2025
274,2025-06-14,6,2,2025
275,2025-09-02,9,3,2025
276,2025-03-06,3,1,2025
277,2025-02-01,2,1,2025
278,2025-09-25,9,3,2025
279,2025-10-23,10,4,2025
280,2025-09-11,9,3,2025
281,2025-01-04,1,1,2025
282,2025-03-02,3,1,2025
283,2025-05-10,5,2,2025
284,2025-12-09,12,4,2025
285,2025-06-27,6,2,2025
286,2025-12-11,12,4,2025
287,2025-10-18,10,4,2025
288,2025-07-25,7,3,2025
289,2025-03-02,3,1,2025
290,2025-06-27,6,2,2025
291,2025-03-18,3,1,2025
292,2025-07-23,7,3,2025
293,2025-03-25,3,1,2025
294,2025-01-23,1,1,2025
295,2025-06-02,6,2,2025
296,2025-06-05,6,2,2025
297,2025-10-06,10,4,2025
298,2025-08-04,8,3,2025
299,2025-08-11,8,3,2025
300,2025-06-20,6,2,2025
301,2025-05-30,5,2,2025
302,2025-01-08,1,1,2025
303,2025-01-20,1,1,2025
304,2025-10-28,10,4,2025
305,2025-02-12,2,1,2025
306,2025-06-09,6,2,2025
307,2025-04-11,4,2,2025
308,2025-01-14,1,1,2025
309,2025-05-17,5,2,2025
310,2025-03-31,3,1,2025
311,2025-10-27,10,4,2025
312,2025-06-02,6,2,2025
313,2025-04-05,4,2,2025
314,2025-02-09,2,1,2025
315,2025-01-25,1,1,2025
316,2025-02-19,2,1,2025
317,2025-03-21,3,1,2025
318,2025-12-29,12,4,2025
319,2025-12-12,12,4,2025
320,2025-11-26,11,4,2025
321,2025-06-07,6,2,2025
322,2025-06-23,6,2,2025
323,2025-04-20,4,2,2025
324,2025-11-01,11,4,2025
325,2025-10-29,10,4,2025
326,2025-09-14,9,3,2025
327,2025-05-03,5,2,2025
328,2025-04-25,4,2,2025
329,2025-05-31,5,2,2025
330,2025-10-25,10,4,2025
331,2025-06-05,6,2,2025
332,2025-08-06,8,3,2025
333,2025-06-20,6,2,2025
334,2025-05-30,5,2,2025
335,2025-11-18,11,4,2025
336,2025-05-08,5,2,2025
337,2025-08-29,8,3,2025
338,2025-12-13,12,4,2025
339,2025-03-22,3,1,2025
340,2025-01-19,1,1,2025
341,2025-10-17,10,4,2025
342,2025-10-13,10,4,2025
343,2025-04-03,4,2,2025
344,2025-08-23,8,3,2025
345,2025-09-09,9,3,2025
346,2025-08-21,8,3,2025
347,2025-03-13,3,1,2025
348,2025-02-14,2,1,2025
349,2025-09-20,9,3,2025
350,2025-03-31,3,1,2025
351,2025-12-24,12,4,2025
352,2025-12-05,12,4,2025
353,2025-10-10,10,4,2025
354,2025-10-25,10,4,2025
355,2025-02-14,2,1,2025
356,2025-11-20,11,4,2025
357,2025-02-10,2,1,2025
358,2025-03-25,3,1,2025
359,2025-12-01,12,4,2025
360,2025-12-17,12,4,2025
361,2025-05-23,5,2,2025
362,2025-07-26,7,3,2025
363,2025-02-16,2,1,2025
364,2025-01-12,1,1,2025
365,2025-10-15,10,4,2025
366,2025-04-24,4,2,2025
367,2025-11-29,11,4,2025
368,2025-06-21,6,2,2025
369,2025-01-06,1,1,2025
370,2025-07-31,7,3,2025
371,2025-05-06,5,2,2025
372,2025-01-22,1,1,2025
373,2025-10-19,10,4,2025
374,2025-11-02,11,4,2025
375,2025-10-23,10,4,2025
376,2025-01-31,1,1,2025
377,2025-05-06,5,2,2025
378,2025-10-11,10,4,2025
379,2025-09-17,9,3,2025
380,2025-05-31,5,2,2025
381,2025-02-04,2,1,2025
382,2025-06-11,6,2,2025
383,2025-07-29,7,3,2025
384,2025-12-21,12,4,2025
385,2025-10-27,10,4,2025
386,2025-07-16,7,3,2025
387,2025-03-28,3,1,2025
388,2025-12-25,12,4,2025
389,2025-01-24,1,1,2025
390,2025-08-23,8,3,2025
391,2025-12-01,12,4,2025
392,2025-03-01,3,1,2025
393,2025-09-04,9,3,2025
394,2025-12-26,12,4,2025
395,2025-06-29,6,2,2025
396,2025-02-16,2,1,2025
397,2025-08-27,8,3,2025
398,2025-07-01,7,3,2025
399,2025-05-24,5,2,2025
400,2025-03-21,3,1,2025
401,2025-10-22,10,4,2025
402,2025-07-15,7,3,2025
403,2025-10-03,10,4,2025
404,2025-11-22,11,4,2025
405,2025-08-23,8,3,2025
406,2025-11-01,11,4,2025
407,2025-09-04,9,3,2025
408,2025-02-05,2,1,2025
409,2025-12-29,12,4,2025
410,2025-09-29,9,3,2025
411,2025-05-08,5,2,2025
412,2025-11-25,11,4,2025
413,2025-10-15,10,4,2025
414,2025-09-14,9,3,2025
415,2025-04-05,4,2,2025
416,2025-09-23,9,3,2025
417,2025-06-29,6,2,2025
418,2025-12-06,12,4,2025
419,2025-10-11,10,4,2025
420,2025-04-20,4,2,2025
421,2025-06-03,6,2,2025
422,2025-10-16,10,4,2025
423,2025-10-19,10,4,2025
424,2025-05-16,5,2,2025
425,2025-08-15,8,3,2025
426,2025-08-30,8,3,2025
427,2025-11-14,11,4,2025
428,2025-10-18,10,4,2025
429,2025-01-10,1,1,2025
430,2025-01-02,1,1,2025
431,2025-12-07,12,4,2025
432,2025-07-07,7,3,2025
433,2025-12-04,12,4,2025
434,2025-10-25,10,4,2025
435,2025-01-12,1,1,2025
436,2025-09-18,9,3,2025
437,2025-10-05,10,4,2025
438,2025-12-10,12,4,2025
439,2025-07-12,7,3,2025
440,2025-03-19,3,1,2025
441,2025-05-25,5,2,2025
442,2025-09-12,9,3,2025
443,2025-05-14,5,2,2025
444,2025-01-17,1,1,2025
445,2025-06-13,6,2,2025
446,2025-07-08,7,3,2025
447,2025-10-07,10,4,2025
448,2025-02-10,2,1,2025
449,2025-05-22,5,2,2025
450,2025-04-23,4,2,2025
451,2025-06-29,6,2,2025
452,2025-07-22,7,3,2025
453,2025-04-03,4,2,2025
454,2025-09-14,9,3,2025
455,2025-05-23,5,2,2025
456,2025-01-20,1,1,2025
457,2025-07-16,7,3,2025
458,2025-02-08,2,1,2025
459,2025-01-09,1,1,2025
460,2025-06-12,6,2,2025
461,2025-08-28,8,3,2025
462,2025-02-12,2,1,2025
463,2025-08-09,8,3,2025
464,2025-07-24,7,3,2025
465,2025-01-27,1,1,2025
466,2025-09-06,9,3,2025
467,2025-01-29,1,1,2025
468,2025-10-12,10,4,2025
469,2025-08-14,8,3,2025
470,2025-06-10,6,2,2025
471,2025-04-04,4,2,2025
472,2025-12-04,12,4,2025
473,2025-10-27,10,4,2025
474,2025-12-19,12,4,2025
475,2025-05-05,5,2,2025
476,2025-12-30,12,4,2025
477,2025-10-27,10,4,2025
478,2025-01-14,1,1,2025
479,2025-04-19,4,2,2025
480,2025-05-13,5,2,2025
481,2025-01-23,1,1,2025
482,2025-12-01,12,4,2025
483,2025-04-20,4,2,2025
484,2025-02-28,2,1,2025
485,2025-03-18,3,1,2025
486,2025-04-15,4,2,2025
487,2025-09-01,9,3,2025
488,2025-12-08,12,4,2025
489,2025-01-26,1,1,2025
490,2025-06-03,6,2,2025
491,2025-11-20,11,4,2025
492,2025-02-25,2,1,2025
493,2025-10-12,10,4,2025
494,2025-09-16,9,3,2025
495,2025-10-05,10,4,2025
496,2025-02-27,2,1,2025
497,2025-12-09,12,4,2025
498,2025-04-11,4,2,2025
499,2025-11-03,11,4,2025
500,2025-12-23,12,4,2025
501,2025-08-12,8,3,2025
502,2025-08-18,8,3,2025
503,2025-08-13,8,3,2025
504,2025-01-30,1,1,2025
505,2025-10-08,10,4,2025
506,2025-06-16,6,2,2025
507,2025-11-06,11,4,2025
508,2025-10-29,10,4,2025
509,2025-12-09,12,4,2025
510,2025-11-20,11,4,2025
511,2025-01-25,1,1,2025
512,2025-04-14,4,2,2025
513,2025-05-10,5,2,2025
514,2025-06-29,6,2,2025
515,2025-07-15,7,3,2025
516,2025-03-31,3,1,2025
517,2025-07-09,7,3,2025
518,2025-08-21,8,3,2025
519,2025-06-07,6,2,2025
520,2025-11-08,11,4,2025
521,2025-04-03,4,2,2025
522,2025-06-13,6,2,2025
523,2025-09-08,9,3,2025
524,2025-05-11,5,2,2025
525,2025-08-09,8,3,2025
526,2025-08-05,8,3,2025
527,2025-06-04,6,2,2025
528,2025-03-11,3,1,2025
529,2025-07-29,7,3,2025
530,2025-01-18,1,1,2025
531,2025-02-14,2,1,2025
532,2025-09-16,9,3,2025
533,2025-12-24,12,4,2025
534,2025-03-13,3,1,2025
535,2025-09-07,9,3,2025
536,2025-12-17,12,4,2025
537,2025-01-03,1,1,2025
538,2025-05-26,5,2,2025
539,2025-04-12,4,2,2025
540,2025-09-10,9,3,2025
541,2025-08-21,8,3,2025
542,2025-10-02,10,4,2025
543,2025-02-27,2,1,2025
544,2025-12-03,12,4,2025
545,2025-04-23,4,2,2025
546,2025-03-19,3,1,2025
547,2025-11-15,11,4,2025
548,2025-10-10,10,4,2025
549,2025-05-13,5,2,2025
550,2025-05-10,5,2,2025
551,2025-07-06,7,3,2025
552,2025-05-31,5,2,2025
553,2025-09-11,9,3,2025
554,2025-06-12,6,2,2025
555,2025-10-25,10,4,2025
556,2025-03-04,3,1,2025
557,2025-05-26,5,2,2025
558,2025-02-27,2,1,2025
559,2025-05-13,5,2,2025
560,2025-01-16,1,1,2025
561,2025-03-06,3,1,2025
562,2025-01-14,1,1,2025
563,2025-08-27,8,3,2025
564,2025-03-09,3,1,2025
565,2025-04-09,4,2,2025
566,2025-06-03,6,2,2025
567,2025-01-20,1,1,2025
568,2025-05-15,5,2,2025
569,2025-07-31,7,3,2025
570,2025-01-30,1,1,2025
571,2025-06-02,6,2,2025
572,2025-11-13,11,4,2025
573,2025-10-15,10,4,2025
574,2025-09-12,9,3,2025
575,2025-04-26,4,2,2025
576,2025-06-01,6,2,2025
577,2025-05-10,5,2,2025
578,2025-06-12,6,2,2025
579,2025-04-17,4,2,2025
580,2025-08-11,8,3,2025
581,2025-11-03,11,4,2025
582,2025-03-24,3,1,2025
583,2025-01-01,1,1,2025
584,2025-04-22,4,2,2025
585,2025-02-17,2,1,2025
586,2025-02-13,2,1,2025
587,2025-08-11,8,3,2025
588,2025-12-28,12,4,2025
589,2025-09-20,9,3,2025
590,2025-08-07,8,3,2025
591,2025-03-20,3,1,2025
592,2025-12-03,12,4,2025
593,2025-01-31,1,1,2025
594,2025-08-09,8,3,2025
595,2025-01-15,1,1,2025
596,2025-10-23,10,4,2025
597,2025-06-24,6,2,2025
598,2025-02-13,2,1,2025
599,2025-12-21,12,4,2025
600,2025-12-10,12,4,2025
601,2025-06-16,6,2,2025
602,2025-09-07,9,3,2025
603,2025-09-13,9,3,2025
604,2025-05-20,5,2,2025
605,2025-02-24,2,1,2025
606,2025-09-15,9,3,2025
607,2025-06-15,6,2,2025
608,2025-12-06,12,4,2025
609,2025-12-17,12,4,2025
610,2025-01-28,1,1,2025
611,2025-05-26,5,2,2025
612,2025-01-24,1,1,2025
613,2025-01-24,1,1,2025
614,2025-06-22,6,2,2025
615,2025-08-15,8,3,2025
616,2025-02-25,2,1,2025
617,2025-10-31,10,4,2025
618,2025-05-22,5,2,2025
619,2025-07-17,7,3,2025
620,2025-04-20,4,2,2025
621,2025-12-24,12,4,2025
622,2025-10-30,10,4,2025
623,2025-05-02,5,2,2025
624,2025-02-03,2,1,2025
625,2025-06-05,6,2,2025
626,2025-06-23,6,2,2025
627,2025-02-04,2,1,2025
628,2025-12-27,12,4,2025
629,2025-01-12,1,1,2025
630,2025-02-15,2,1,2025
631,2025-08-20,8,3,2025
632,2025-05-19,5,2,2025
633,2025-04-09,4,2,2025
634,2025-11-16,11,4,2025
635,2025-08-25,8,3,2025
636,2025-10-29,10,4,2025
637,2025-12-20,12,4,2025
638,2025-11-05,11,4,2025
639,2025-02-13,2,1,2025
640,2025-07-11,7,3,2025
641,2025-03-02,3,1,2025
642,2025-02-26,2,1,2025
643,2025-09-17,9,3,2025
644,2025-03-27,3,1,2025
645,2025-08-06,8,3,2025
646,2025-01-05,1,1,2025
647,2025-02-16,2,1,2025
648,2025-08-22,8,3,2025
649,2025-06-22,6,2,2025
650,2025-07-16,7,3,2025
651,2025-04-22,4,2,2025
652,2025-08-26,8,3,2025
653,2025-05-15,5,2,2025
654,2025-05-05,5,2,2025
655,2025-02-26,2,1,2025
656,2025-08-14,8,3,2025
657,2025-04-24,4,2,2025
658,2025-09-06,9,3,2025
659,2025-12-05,12,4,2025
660,2025-01-07,1,1,2025
661,2025-03-30,3,1,2025
662,2025-09-28,9,3,2025
663,2025-11-27,11,4,2025
664,2025-01-30,1,1,2025
665,2025-01-02,1,1,2025
666,2025-12-29,12,4,2025
667,2025-02-03,2,1,2025
668,2025-03-10,3,1,2025
669,2025-05-17,5,2,2025
670,2025-11-13,11,4,2025
671,2025-01-12,1,1,2025
672,2025-10-25,10,4,2025
673,2025-10-25,10,4,2025
674,2025-04-16,4,2,2025
675,2025-04-13,4,2,2025
676,2025-01-13,1,1,2025
677,2025-04-03,4,2,2025
678,2025-09-21,9,3,2025
679,2025-06-23,6,2,2025
680,2025-09-08,9,3,2025
681,2025-04-01,4,2,2025
682,2025-06-13,6,2,2025
683,2025-08-09,8,3,2025
684,2025-04-20,4,2,2025
685,2025-08-08,8,3,2025
686,2025-07-05,7,3,2025
687,2025-01-28,1,1,2025
688,2025-05-30,5,2,2025
689,2025-02-06,2,1,2025
690,2025-08-25,8,3,2025
691,2025-06-08,6,2,2025
692,2025-08-13,8,3,2025
693,2025-03-04,3,1,2025
694,2025-08-05,8,3,2025
695,2025-12-15,12,4,2025
696,2025-01-20,1,1,2025
697,2025-11-29,11,4,2025
698,2025-06-06,6,2,2025
699,2025-12-21,12,4,2025
700,2025-11-22,11,4,2025
701,2025-06-07,6,2,2025
702,2025-04-30,4,2,2025
703,2025-12-19,12,4,2025
704,2025-10-21,10,4,2025
705,2025-07-17,7,3,2025
706,2025-04-04,4,2,2025
707,2025-07-11,7,3,2025
708,2025-09-02,9,3,2025
709,2025-08-21,8,3,2025
710,2025-06-07,6,2,2025
711,2025-07-30,7,3,2025
712,2025-02-09,2,1,2025
713,2025-01-25,1,1,2025
714,2025-04-15,4,2,2025
715,2025-01-01,1,1,2025
716,2025-02-09,2,1,2025
717,2025-07-20,7,3,2025
718,2025-09-22,9,3,2025
719,2025-12-20,12,4,2025
720,2025-06-27,6,2,2025
721,2025-07-17,7,3,2025
722,2025-05-22,5,2,2025
723,2025-03-29,3,1,2025
724,2025-11-30,11,4,2025
725,2025-09-06,9,3,2025
726,2025-02-23,2,1,2025
727,2025-05-31,5,2,2025
728,2025-05-05,5,2,2025
729,2025-07-25,7,3,2025
730,2025-06-19,6,2,2025
731,2025-12-31,12,4,2025
732,2025-07-16,7,3,2025
733,2025-01-18,1,1,2025
734,2025-12-03,12,4,2025
735,2025-03-21,3,1,2025
736,2025-08-17,8,3,2025
737,2025-11-26,11,4,2025
738,2025-12-23,12,4,2025
739,2025-03-17,3,1,2025
740,2025-12-16,12,4,2025
741,2025-01-11,1,1,2025
742,2025-01-11,1,1,2025
743,2025-05-31,5,2,2025
744,2025-06-14,6,2,2025
745,2025-05-05,5,2,2025
746,2025-10-24,10,4,2025
747,2025-11-21,11,4,2025
748,2025-06-08,6,2,2025
749,2025-09-19,9,3,2025
750,2025-09-16,9,3,2025
751,2025-05-22,5,2,2025
752,2025-01-25,1,1,2025
753,2025-02-13,2,1,2025
754,2025-08-30,8,3,2025
755,2025-09-21,9,3,2025
756,2025-11-18,11,4,2025
757,2025-07-04,7,3,2025
758,2025-01-05,1,1,2025
759,2025-06-22,6,2,2025
760,2025-08-26,8,3,2025
761,2025-04-06,4,2,2025
762,2025-11-30,11,4,2025
763,2025-01-21,1,1,2025
764,2025-04-17,4,2,2025
765,2025-06-22,6,2,2025
766,2025-11-14,11,4,2025
767,2025-03-12,3,1,2025
768,2025-11-06,11,4,2025
769,2025-10-04,10,4,2025
770,2025-04-29,4,2,2025
771,2025-03-09,3,1,2025
772,2025-11-26,11,4,2025
773,2025-12-08,12,4,2025
774,2025-09-29,9,3,2025
775,2025-04-08,4,2,2025
776,2025-12-31,12,4,2025
777,2025-10-03,10,4,2025
778,2025-03-25,3,1,2025
779,2025-09-28,9,3,2025
780,2025-04-05,4,2,2025
781,2025-09-16,9,3,2025
782,2025-11-25,11,4,2025
783,2025-03-25,3,1,2025
784,2025-11-15,11,4,2025
785,2025-06-23,6,2,2025
786,2025-05-11,5,2,2025
787,2025-08-29,8,3,2025
788,2025-04-24,4,2,2025
789,2025-12-19,12,4,2025
790,2025-03-19,3,1,2025
791,2025-01-20,1,1,2025
792,2025-01-25,1,1,2025
793,2025-11-30,11,4,2025
794,2025-06-01,6,2,2025
795,2025-02-21,2,1,2025
796,2025-09-07,9,3,2025
797,2025-12-07,12,4,2025
798,2025-03-31,3,1,2025
799,2025-06-09,6,2,2025
800,2025-12-24,12,4,2025
801,2025-09-29,9,3,2025
802,2025-12-05,12,4,2025
803,2025-09-18,9,3,2025
804,2025-05-06,5,2,2025
805,2025-08-04,8,3,2025
806,2025-11-10,11,4,2025
807,2025-03-28,3,1,2025
808,2025-05-24,5,2,2025
809,2025-04-23,4,2,2025
810,2025-04-16,4,2,2025
811,2025-05-31,5,2,2025
812,2025-08-04,8,3,2025
813,2025-03-22,3,1,2025
814,2025-10-08,10,4,2025
815,2025-03-29,3,1,2025
816,2025-11-13,11,4,2025
817,2025-09-08,9,3,2025
818,2025-01-19,1,1,2025
819,2025-08-24,8,3,2025
820,2025-05-03,5,2,2025
821,2025-04-14,4,2,2025
822,2025-07-19,7,3,2025
823,2025-04-11,4,2,2025
824,2025-11-03,11,4,2025
825,2025-06-25,6,2,2025
826,2025-04-12,4,2,2025
827,2025-08-08,8,3,2025
828,2025-01-06,1,1,2025
829,2025-03-23,3,1,2025
830,2025-08-08,8,3,2025
831,2025-02-04,2,1,2025
832,2025-12-14,12,4,2025
833,2025-04-14,4,2,2025
834,2025-07-20,7,3,2025
835,2025-02-15,2,1,2025
836,2025-08-11,8,3,2025
837,2025-04-25,4,2,2025
838,2025-07-25,7,3,2025
839,2025-03-04,3,1,2025
840,2025-09-28,9,3,2025
841,2025-02-17,2,1,2025
842,2025-01-21,1,1,2025
843,2025-10-20,10,4,2025
844,2025-07-22,7,3,2025
845,2025-11-12,11,4,2025
846,2025-11-17,11,4,2025
847,2025-08-29,8,3,2025
848,2025-08-28,8,3,2025
849,2025-05-06,5,2,2025
850,2025-05-06,5,2,2025
851,2025-05-07,5,2,2025
852,2025-03-28,3,1,2025
853,2025-09-07,9,3,2025
854,2025-03-18,3,1,2025
855,2025-01-05,1,1,2025
856,2025-08-25,8,3,2025
857,2025-03-05,3,1,2025
858,2025-03-27,3,1,2025
859,2025-06-06,6,2,2025
860,2025-09-30,9,3,2025
861,2025-09-13,9,3,2025
862,2025-01-16,1,1,2025
863,2025-01-25,1,1,2025
864,2025-12-11,12,4,2025
865,2025-09-10,9,3,2025
866,2025-04-14,4,2,2025
867,2025-01-08,1,1,2025
868,2025-01-21,1,1,2025
869,2025-09-03,9,3,2025
870,2025-12-13,12,4,2025
871,2025-10-06,10,4,2025
872,2025-04-05,4,2,2025
873,2025-08-10,8,3,2025
874,2025-04-26,4,2,2025
875,2025-12-22,12,4,2025
876,2025-03-01,3,1,2025
877,2025-04-05,4,2,2025
878,2025-01-08,1,1,2025
879,2025-01-20,1,1,2025
880,2025-12-05,12,4,2025
881,2025-12-06,12,4,2025
882,2025-05-10,5,2,2025
883,2025-11-28,11,4,2025
884,2025-12-15,12,4,2025
885,2025-10-31,10,4,2025
886,2025-12-22,12,4,2025
887,2025-11-03,11,4,2025
888,2025-11-27,11,4,2025
889,2025-08-12,8,3,2025
890,2025-10-29,10,4,2025
891,2025-05-05,5,2,2025
892,2025-05-18,5,2,2025
893,2025-08-23,8,3,2025
894,2025-02-13,2,1,2025
895,2025-02-28,2,1,2025
896,2025-12-18,12,4,2025
897,2025-05-13,5,2,2025
898,2025-03-12,3,1,2025
899,2025-09-02,9,3,2025
900,2025-04-25,4,2,2025
901,2025-06-14,6,2,2025
902,2025-08-06,8,3,2025
903,2025-02-07,2,1,2025
904,2025-11-16,11,4,2025
905,2025-08-24,8,3,2025
906,2025-08-04,8,3,2025
907,2025-10-17,10,4,2025
908,2025-04-03,4,2,2025
909,2025-09-14,9,3,2025
910,2025-05-13,5,2,2025
911,2025-02-17,2,1,2025
912,2025-05-02,5,2,2025
913,2025-04-05,4,2,2025
914,2025-06-17,6,2,2025
915,2025-06-18,6,2,2025
916,2025-12-12,12,4,2025
917,2025-10-23,10,4,2025
918,2025-05-24,5,2,2025
919,2025-01-06,1,1,2025
920,2025-01-19,1,1,2025
921,2025-02-05,2,1,2025
922,2025-06-22,6,2,2025
923,2025-08-16,8,3,2025
924,2025-09-12,9,3,2025
925,2025-02-17,2,1,2025
926,2025-05-13,5,2,2025
927,2025-12-31,12,4,2025
928,2025-07-16,7,3,2025
929,2025-11-16,11,4,2025
930,2025-12-18,12,4,2025
931,2025-06-08,6,2,2025
932,2025-08-12,8,3,2025
933,2025-07-28,7,3,2025
934,2025-02-19,2,1,2025
935,2025-06-07,6,2,2025
936,2025-01-17,1,1,2025
937,2025-12-20,12,4,2025
938,2025-04-23,4,2,2025
939,2025-01-26,1,1,2025
940,2025-03-24,3,1,2025
941,2025-12-26,12,4,2025
942,2025-06-23,6,2,2025
943,2025-04-23,4,2,2025
944,2025-07-29,7,3,2025
945,2025-05-02,5,2,2025
946,2025-01-15,1,1,2025
947,2025-12-05,12,4,2025
948,2025-04-03,4,2,2025
949,2025-10-18,10,4,2025
950,2025-04-17,4,2,2025
951,2025-12-09,12,4,2025
952,2025-06-17,6,2,2025
953,2025-07-15,7,3,2025
954,2025-04-07,4,2,2025
955,2025-08-24,8,3,2025
956,2025-12-04,12,4,2025
957,2025-08-31,8,3,2025
958,2025-01-10,1,1,2025
959,2025-07-05,7,3,2025
960,2025-08-03,8,3,2025
961,2025-08-14,8,3,2025
962,2025-02-12,2,1,2025
963,2025-01-31,1,1,2025
964,2025-08-30,8,3,2025
965,2025-09-20,9,3,2025
966,2025-10-06,10,4,2025
967,2025-03-26,3,1,2025
968,2025-12-21,12,4,2025
969,2025-10-20,10,4,2025
970,2025-12-31,12,4,2025
971,2025-12-10,12,4,2025
972,2025-03-29,3,1,2025
973,2025-04-12,4,2,2025
974,2025-06-10,6,2,2025
975,2025-07-17,7,3,2025
976,2025-10-30,10,4,2025
977,2025-03-20,3,1,2025
978,2025-04-18,4,2,2025
979,2025-03-19,3,1,2025
980,2025-07-25,7,3,2025
981,2025-05-29,5,2,2025
982,2025-09-06,9,3,2025
983,2025-12-03,12,4,2025
984,2025-08-04,8,3,2025
985,2025-07-29,7,3,2025
986,2025-09-23,9,3,2025
987,2025-07-28,7,3,2025
988,2025-09-26,9,3,2025
989,2025-09-04,9,3,2025
990,2025-11-20,11,4,2025
991,2025-02-15,2,1,2025
992,2025-07-17,7,3,2025
993,2025-02-16,2,1,2025
994,2025-03-25,3,1,2025
995,2025-09-08,9,3,2025
996,2025-07-08,7,3,2025
997,2025-08-03,8,3,2025
998,2025-08-31,8,3,2025
999,2025-11-17,11,4,2025
